Patient_ID,lip_Cer_high,lip_Cer_low,lip_DG_high,lip_DG_low,lip_TG(SIM)_high,lip_TG(SIM)_low,lip_TG [NL]_high,lip_TG [NL]_low,lip_TG(O)_high,lip_TG(O)_low,lip_TG(O) [NL]_high,lip_TG(O) [NL]_low,AR_Amp,RB1_Del,TP53_SNP,death_event; 1- dead; 0-alive,ADT_start_fail,ADT_fail_relaspe,ADT_start_death,1= death; 0=alive,gap_death_consent,gap_surv_time_class,ADT_if_fail
1028,0,1,0,1,0,1,0,1,0,1,0,1,0,0,1,1.0,1734.0,54.0,3208.0,1.0,3219,1,2
1066,0,1,0,1,1,0,1,0,1,0,0,1,0,0,0,0.0,,,,0.0,2464,1,0
1040,0,1,1,0,1,0,1,0,1,0,1,0,0,0,0,0.0,,,2323.0,0.0,2323,1,0
1058,0,1,0,1,0,1,0,1,1,0,0,1,0,0,0,1.0,318.0,0.0,581.0,1.0,581,0,2
1059,0,1,1,0,0,1,0,1,0,1,0,1,0,0,1,0.0,,,2608.0,0.0,2608,1,0
1015,1,0,1,0,1,0,1,0,0,1,1,0,0,0,0,0.0,,,3039.0,0.0,3053,1,0
1080,1,0,1,0,1,0,1,0,1,0,1,0,0,0,0,0.0,,,3115.0,0.0,3115,1,0
1054,0,1,0,1,0,1,0,1,0,1,0,1,0,0,0,1.0,582.0,,1625.0,1.0,1625,2,2
1072,1,0,1,0,1,0,1,0,1,0,1,0,0,0,0,1.0,763.0,,1759.0,1.0,1759,2,2
1084,1,0,0,1,0,1,0,1,0,1,0,1,0,0,1,1.0,181.0,0.0,1992.0,1.0,1992,2,2
1120,1,0,0,1,0,1,0,1,1,0,0,1,0,0,0,0.0,,,,0.0,3064,1,0
1129,1,0,1,0,1,0,1,0,1,0,1,0,0,1,0,0.0,,,2430.0,0.0,2430,1,0
1104,0,1,0,1,0,1,0,1,1,0,1,0,0,0,1,0.0,366.0,535.0,3079.0,0.0,3079,1,2
1113,0,1,0,1,0,1,0,1,0,1,0,1,0,0,0,0.0,537.0,,2919.0,0.0,3081,1,2
1122,1,0,1,0,0,1,0,1,1,0,0,1,0,0,0,1.0,,,,1.0,1478,2,0
1096,0,1,1,0,1,0,1,0,0,1,1,0,0,0,0,0.0,591.0,,2908.0,0.0,2908,1,2
1159,0,1,0,1,0,1,0,1,0,1,0,1,0,1,0,1.0,332.0,0.0,783.0,1.0,791,0,2
1088,0,1,1,0,1,0,1,0,1,0,0,1,0,0,1,0.0,,,3111.0,0.0,3111,1,0
1142,0,1,1,0,1,0,1,0,1,0,0,1,0,0,0,0.0,,,,0.0,2997,1,0
1098,0,1,0,1,0,1,0,1,0,1,0,1,0,0,0,0.0,,,,0.0,1993,2,0
1163,1,0,0,1,0,1,0,1,0,1,1,0,0,0,0,1.0,,,1150.0,1.0,2432,1,0
1182,0,1,1,0,1,0,1,0,0,1,1,0,0,0,0,1.0,624.0,69.0,1424.0,1.0,1424,2,2
1191,0,1,1,0,1,0,1,0,1,0,0,1,0,0,0,1.0,,,699.0,1.0,699,0,0
1183,0,1,0,1,0,1,0,1,0,1,0,1,0,0,0,0.0,,,,0.0,2849,1,0
1175,0,1,1,0,0,1,0,1,0,1,0,1,0,0,0,0.0,719.0,,2825.0,0.0,2912,1,2
1184,0,1,0,1,0,1,0,1,0,1,0,1,0,0,1,0.0,550.0,693.0,1975.0,0.0,1976,2,2
1185,1,0,1,0,1,0,1,0,1,0,1,0,0,0,0,0.0,637.0,,3146.0,0.0,2970,1,2
1212,0,1,1,0,1,0,1,0,1,0,1,0,0,0,0,0.0,,,,0.0,738,0,0
1177,1,0,0,1,0,1,0,1,0,1,0,1,0,0,0,1.0,943.0,302.0,2389.0,1.0,666,0,2
1170,1,0,0,1,0,1,0,1,1,0,1,0,0,0,1,1.0,293.0,146.0,1197.0,1.0,1197,0,2
1197,1,0,1,0,1,0,1,0,1,0,1,0,0,0,0,0.0,,,2897.0,0.0,2927,1,0
1242,0,1,0,1,0,1,0,1,0,1,0,1,0,0,0,1.0,1015.0,,1618.0,1.0,1646,2,2
1234,1,0,1,0,1,0,1,0,1,0,0,1,0,0,0,1.0,469.0,,1736.0,1.0,1736,2,2
1243,0,1,0,1,1,0,0,1,0,1,0,1,0,0,0,0.0,,,1977.0,0.0,2836,1,0
1291,0,1,0,1,0,1,0,1,0,1,1,0,0,0,0,0.0,,,,0.0,29,0,0
1292,0,1,1,0,0,1,0,1,0,1,0,1,0,0,0,0.0,,,2144.0,0.0,2242,2,0
1248,0,1,0,1,0,1,0,1,0,1,1,0,0,0,0,0.0,,,2457.0,0.0,2862,1,0
1284,0,1,1,0,1,0,1,0,0,1,0,1,0,0,0,0.0,,,,0.0,2707,1,0
1302,1,0,1,0,1,0,1,0,1,0,0,1,0,0,0,0.0,,,190.0,0.0,190,0,0
1276,0,1,0,1,0,1,0,1,1,0,1,0,0,0,0,1.0,504.0,83.0,1608.0,1.0,1608,2,2
1285,0,1,0,1,1,0,1,0,1,0,1,0,0,0,0,1.0,,,,1.0,2048,2,0
1303,0,1,0,1,0,1,0,1,1,0,1,0,0,0,0,0.0,,,1615.0,0.0,1615,2,0
1321,1,0,1,0,1,0,1,0,0,1,1,0,0,0,0,1.0,256.0,218.0,1105.0,1.0,1324,0,2
1304,0,1,1,0,0,1,0,1,0,1,0,1,0,0,0,0.0,,,,0.0,18,0,0
1313,0,1,0,1,0,1,0,1,1,0,0,1,0,0,1,0.0,286.0,,1588.0,0.0,1588,2,2
1305,0,1,0,1,0,1,0,1,0,1,0,1,0,0,0,0.0,,,1477.0,0.0,1477,2,0
1288,0,1,0,1,0,1,0,1,0,1,0,1,0,0,1,1.0,,,,1.0,948,0,0
1306,0,1,0,1,0,1,0,1,1,0,0,1,0,0,0,1.0,287.0,0.0,2597.0,1.0,2597,1,2
1315,0,1,1,0,1,0,0,1,1,0,0,1,0,0,0,1.0,,,2536.0,1.0,2536,1,0
1398,0,1,1,0,1,0,1,0,1,0,0,1,0,0,0,1.0,220.0,263.0,1332.0,1.0,1332,0,2
1399,0,1,0,1,0,1,0,1,1,0,0,1,0,0,1,0.0,,,2334.0,0.0,2402,1,0
1337,0,1,0,1,0,1,0,1,0,1,0,1,0,1,1,1.0,,,,1.0,378,0,0
1383,0,1,0,1,0,1,0,1,1,0,0,1,0,0,0,1.0,,,565.0,1.0,565,0,0
1376,0,1,1,0,0,1,0,1,0,1,0,1,0,0,1,1.0,235.0,,1520.0,1.0,2369,1,2
1333,1,0,1,0,1,0,0,1,1,0,1,0,0,0,0,0.0,0.0,4.0,1911.0,0.0,2620,1,1
1434,1,0,0,1,0,1,0,1,0,1,0,1,0,1,1,1.0,212.0,392.0,802.0,1.0,816,0,2
1452,0,1,0,1,1,0,1,0,0,1,0,1,0,0,1,1.0,450.0,0.0,1545.0,1.0,1545,2,2
1470,1,0,0,1,0,1,0,1,0,1,0,1,0,0,0,1.0,1225.0,0.0,1327.0,1.0,1327,0,2
1444,0,1,0,1,0,1,0,1,1,0,1,0,0,0,1,1.0,355.0,0.0,2274.0,1.0,2276,2,2
1427,0,1,0,1,1,0,0,1,0,1,0,1,0,0,1,1.0,553.0,91.0,1423.0,1.0,1423,2,2
1448,0,1,1,0,1,0,1,0,1,0,1,0,0,0,0,0.0,,,972.0,0.0,989,0,0
1466,0,1,1,0,1,0,1,0,1,0,0,1,0,0,0,0.0,,,2237.0,0.0,2237,2,0
1485,1,0,0,1,1,0,1,0,1,0,1,0,0,0,1,1.0,260.0,35.0,1479.0,1.0,1479,2,2
1414,0,1,0,1,0,1,0,1,1,0,0,1,0,0,1,1.0,449.0,175.0,1632.0,1.0,1632,2,2
1415,0,1,0,1,1,0,0,1,1,0,0,1,0,0,0,1.0,329.0,123.0,761.0,1.0,761,0,2
1492,0,1,1,0,1,0,1,0,1,0,1,0,0,0,1,1.0,,,2136.0,1.0,2136,2,0
1530,1,0,0,1,0,1,0,1,0,1,0,1,0,0,0,0.0,,,34.0,0.0,1,0,0
1531,0,1,0,1,0,1,0,1,0,1,1,0,0,0,0,0.0,,,141.0,0.0,174,0,0
1522,1,0,1,0,1,0,1,0,1,0,1,0,0,0,0,1.0,,,3750.0,1.0,706,0,0
1514,0,1,0,1,0,1,0,1,0,1,0,1,0,0,0,1.0,2355.0,,3453.0,1.0,1098,0,2
1497,0,1,1,0,1,0,1,0,0,1,1,0,0,0,0,1.0,,,911.0,1.0,911,0,0
